Vluchtid;Operatie;Faciliteiten;Shops
1317307;7.2;8.5;
1317327;7.4;8;
1317352;7;6.9;6.9
1317395;6.5;7.3;7
1317406;6.9;6.9;6.3
1317488;6.4;5.2;6.8
1317506;4.7;5.9;7.1
1317508;6.7;8.5;6.2
1317514;6.1;3.6;7.2
1317559;6;7.6;6.6
1317587;6.3;7.2;5.6
1317629;6.9;4.1;6.2
1317633;6.4;5.2;4.6
1317646;6.3;6.4;5.5
1317655;6.6;5.8;6.2
1317712;5.4;8;6.2
1317809;7.7;6.2;
1317811;6.9;6;
1317817;6.9;9.5;
1317902;7.6;4.5;5.9
1317914;6.2;9.2;6.1
1317921;7.4;5.1;5.5
1317938;6.6;7.8;6.8
1317940;7.1;6.1;6.2
1317959;7;6.3;6.1
1318009;7.7;6.5;6.3
1318045;6.3;5.9;5.1
1318064;6.8;7.6;5.6
1318074;6;6.3;4.8
1318150;6.8;7.6;7.2
1318163;6.5;6.6;6.1
1318230;7;8.3;5.6
1318234;7;5.9;6.9
1318237;6.1;8.1;4.8
1318251;7.1;8.5;6
1318253;6.8;4.2;7.4
1318255;6.8;4.9;5.5
1318293;6.2;4.9;
1318297;5.8;8.5;
1318308;6.5;8;
1318310;6.7;8.4;
1318314;6.7;6.5;
1318390;4.7;3.5;5.8
1318399;4.9;7.1;5.1
1318418;5.3;3.5;4.5
1318455;5.9;4.8;5
1318548;3.4;7;6.9
1318575;5.1;8;5.5
1318577;3.1;4.2;5.7
1318599;5.7;3.6;7
1318603;5.7;6;6.2
1318641;6.3;7.4;7.2
1318665;5.2;6.2;5.3
1318680;5.3;6.1;6.4
1318746;6.8;6.7;5.5
1318775;7.5;9;
1318784;7.9;4.5;
1318799;7;6.8;
1318827;7.2;6.7;5.4
1318849;6.7;8.6;8.1
1318860;6.6;5.8;5.5
1318862;7.2;5.3;6.1
1318865;7.3;6.7;5.3
1318870;6.8;4.8;5.7
1318875;7.2;4.3;4.8
1318914;5.5;7.3;5
1318928;7.5;8.5;4.9
1318944;8.5;7.9;6.8
1318950;5.9;8.4;5.1
1318996;6.7;7;5.2
1319028;7;6.3;6.8
1319086;7.9;3.7;5.2
1319148;5.7;7.5;6.8
1319177;6.3;4.8;5.8
1319184;6.7;6.3;6.2
1319196;7.3;4.3;5.6
1319198;7.6;7;6.8
1319215;7.5;4.1;5.3
1319225;7.2;7.8;6.2
1319249;7;5.9;
1319250;7.8;7.9;
1319256;7.1;5.8;
1319297;6.9;7.8;7.4
1319309;7.1;6.3;5.6
1319327;7.7;8.7;6.3
1319375;7.5;6.8;5.5
1319397;7.1;4.3;4.8
1319463;7.2;8.1;5.7
1319484;6.8;6.7;6.2
1319494;7.6;7.7;5.5
1319502;6.8;9.2;4.6
1319512;7;7.2;6.5
1319531;7;4.3;5.1
1319554;6.2;9;5.8
1319556;7.2;6.6;5.6
1319587;7.6;4.6;6.8
1319591;7.1;7;6.8
1319627;7.7;6.1;6
1319643;7.4;6.7;5.6
1319644;7.1;6.7;6.2
1319677;7.3;5;6.2
1319719;6.9;9.1;
1319722;6.9;8.8;
1319732;7.9;5;
1319753;8.3;4.3;5.4
1319766;6.8;7.8;6.7
1319841;6.6;5.6;5.7
1319846;7;5.2;6
1319948;6.5;7.3;4.8
1320013;6.7;7.3;4.8
1320023;7.6;6.4;6.9
1320039;8.1;7.8;7.7
1320050;6.4;4.8;5.6
1320076;6.4;6.1;6.8
1320078;7;7.3;5.7
1320138;8.2;6.7;7.1
1320210;5.8;8.3;
1320212;7.7;5.6;
1320232;7.1;6.3;
1320279;6.8;8;6.7
1320315;8.3;4;6.2
1320370;8.1;7.2;5.6
1320376;7.6;5.6;6.2
1320414;7.7;8.4;5.1
1320427;7.4;4.3;5.1
1320451;7.5;7.2;6.8
1320458;7.7;7.8;6.6
1320474;6.9;8.5;6.2
1320480;6.8;8.4;4.9
1320482;8;4.9;5.9
1320495;6.5;5.4;5.2
1320585;7.5;9.1;6
1320626;7.6;4;5.4
1320648;8;7.2;4.8
1320652;6.6;7.9;4
1320666;7.6;5;6.3
1320736;6.7;5;5.3
1320770;6.4;7.5;6.9
1320781;8.4;5;6.5
1320796;7;7.5;5.5
1320804;7.7;5.5;5.6
1320806;7.1;7.6;5.9
1320838;7.1;5.8;6.2
1320864;7;5.9;4.9
1320871;7.1;3.2;7.9
1320908;7.7;5.9;5.6
1320916;7.3;7.7;7.2
1320919;8.4;5.3;6.4
1320928;6.9;5.1;6.1
1320946;6.5;7.7;5.9
1320971;7.8;5.7;6
1320972;7.6;4.5;6.2
1320998;5.7;8.4;5.1
1321074;7.3;4.9;7
1321076;7.2;5.3;6.6
1321090;7.8;6.4;4
1321120;7.5;6.7;5.2
1321148;7.8;8;
1321159;6.7;7.9;
1321162;8;5.7;
1321191;8.2;7.6;5.9
1321205;7.6;6.7;6
1321304;6.3;5.4;5.6
1321412;7.7;8.6;6.6
1321416;7.1;7.9;7.3
1321510;7.6;3.4;5.9
1321518;6.6;8.3;6.1
1321573;7.6;6.2;7.2
1321583;6.4;9;6.8
1321588;6.4;5.4;6.4
1321611;6.8;8.4;5.7
1321630;7.4;7.6;
1321633;7.9;6.6;
1321636;7.5;7.6;
1321693;7.4;7.2;6
1321701;7.9;7.7;5.7
1321731;7.8;7.9;6
1321746;7.3;4.6;7.5
1321749;7.1;9.1;6
1321780;7.5;4.9;7.1
1321863;8;6.9;5.3
1321882;7.5;8.1;5.3
1321918;6.4;6.4;5.2
1321977;7.6;6.2;7.2
1321984;7.1;8.6;6.1
1322043;8;4.9;5.2
1322104;6.7;6.7;
1322107;6.9;4.4;
1322167;7.4;6.9;6
1322171;7.5;8.6;5.8
1322174;6.4;8.5;6.8
1322204;6.7;8.2;7.1
1322252;7.7;6.2;5.7
1322260;8;5.5;6.3
1322261;7.1;7.4;5.8
1322274;7.5;7.3;5.2
1322300;7.5;6.4;6.4
1322309;7;7;6.2
1322362;7.8;8;6
1322395;8;5.3;6.8
1322420;5.5;7.9;5.2
1322489;6.3;6.2;5
1322514;7.1;6.7;6
1322546;6.7;6.2;5.7
1322577;6.9;6.3;
1322578;7.1;7.3;
1322586;8.1;7.5;
1322594;7.1;6.6;
1322597;7.4;7.6;
1322603;8.2;4.4;
1322648;7.2;6.5;6.3
1322666;7.7;5.3;6
1322747;7.2;6;5.6
1322795;7.5;8.6;5.5
1322814;7.5;6.3;5.4
1322862;6.7;6.7;6.1
1322870;7.3;4.5;7.1
1322871;7.2;9.2;5.9
1322913;6.9;5.7;6.1
1322967;6.5;7.3;6.1
1322998;7;5.5;5.4
1323020;6.2;7.5;6.1
1323047;7;8;5.1
1323131;7.6;8.5;4.8
1323140;7.5;8.7;6.8
1323158;5.8;6.8;5.5
1323279;7.5;7.9;7.1
1323280;6.7;6.1;5.7
1323327;6.8;6.8;6
1323358;6.6;4.7;5.9
1323371;7.3;6.9;5.2
1323375;7.5;7.7;6.5
1323377;7.9;7;6.5
1323382;7.5;4.2;6.1
1323447;8;6.9;6
1323509;6.8;4.9;7
1323511;7.5;7.6;5
1323610;7.9;7.2;5.6
1323626;7.4;4.1;5.7
1323645;7.8;5.1;5.7
1323655;7.1;8.2;5.9
1323669;8.1;8.4;4.7
1323704;6.7;4.2;6.1
1323719;7.5;9.2;6.6
1323767;8;7.9;5.9
1323774;6;6.6;6.7
1323775;7.2;3.5;5.7
1323793;8.1;6;6.7
1323807;8.1;6.1;6.1
1323836;5.9;7.8;7.3
1323861;6.2;8;5.8
1323866;6.5;7.7;4.5
1323872;7.1;8.8;6.5
1323927;7.2;3.9;6
1323934;7.4;5.3;5.1
1323939;6.9;7;4.3
1323940;7.7;5.4;6.6
1323942;7.3;7.6;4.7
1323981;8.2;6.9;4.7
1323992;6.7;5.9;5.3
1323997;7.6;7.4;6.8
1323998;7.7;5.7;5.1
1324012;6.5;6.8;6.2
1324034;7.8;7.6;6.5
1324058;6.6;6.3;
1324074;7.8;7.5;
1324080;5.7;8.4;
1324104;7;4.1;6.5
1324175;8.1;5.6;5.9
1324191;6.4;4.5;4.8
1324195;7.9;6.4;5.2
1324242;6.9;8.9;6.3
1324261;7.1;6.6;4.4
1324277;7.2;8.3;6.4
1324285;6.9;5.1;6
1324311;6.8;8.2;6.6
1324316;5.4;8.2;5.8
1324319;6.5;8.1;7
1324348;7;4.9;6.3
1324365;6;4.8;6
1324372;7;6.4;7.6
1324410;6.6;7.6;6.3
1324415;7.8;8.2;7.2
1324418;7.7;3.6;5.3
1324473;6.5;4.1;6.2
1324489;7;3.7;6.7
1324621;7.6;4.3;6.3
1324706;7.8;8;6.2
1324724;6.8;8.5;5.4
1324728;7.3;9.7;4.9
1324729;8;5.9;7
1324746;7.5;4.1;6.1
1324766;6.1;6;6.7
1324775;8;4.6;5.5
1324822;7;7.7;5.8
1324823;6.7;7.2;6.3
1324874;6;5.2;5.7
1324913;5.7;7.6;5.2
1324966;7.6;7.8;7.3
1324971;7.1;9;6.6
1324988;6.5;4.9;6
1324992;7;3.9;5.8
1324994;8.3;4.5;5.4
1325027;7.2;7.1;
1325036;8.2;4.9;
1325075;7.4;5.3;5.4
1325082;8;3.9;5.6
1325119;7.7;5.5;6.4
1325135;6.1;7.9;4.7
1325190;7.2;8;5.1
1325194;7.3;9.3;7.3
1325221;8.1;6.2;5.2
1325252;7.1;4.7;5.6
1325253;6.3;5.8;5.8
1325266;7;6.3;7.2
1325276;6.7;7;5.8
1325277;7.5;6.5;6.5
1325302;7.6;5.6;5.9
1325328;8.1;7.7;5.3
1325375;7.4;7.9;5.4
1325407;7.7;5.1;4.6
1325421;7.3;7.3;6.8
1325424;7.5;7.1;5.8
1325437;6.1;7.7;5.9
1325446;6.1;5.1;5.4
1325482;6.7;8.2;
1325484;7;7.7;
1325492;7.1;4.7;
1325525;6.6;4.4;4.7
1325534;5.6;8.6;6.7
1325589;7.2;7.7;6.6
1325606;5.9;6.6;5.9
1325610;7;7;6.2
1325661;6;7.4;6.8
1325702;7.4;2.8;5.8
1325752;5.1;7.1;5.6
1325759;6.7;7.3;5.8
1325767;7.2;4.7;6.2
1325783;6.5;6.8;5.1
1325793;6.5;3.7;5.6
1325808;5.8;7.8;6.7
1325825;5.3;6.5;5.3
1325854;6.8;4.4;5.2
1325866;6.6;7.3;6
1325871;6.9;8;6.1
1325913;6.6;5.9;7
1325973;6.9;7.1;
1326027;7.8;4.6;6.1
1326049;7.3;8.8;5.7
1326092;6.6;8.2;6.4
1326101;7.6;6.5;4.4
1326102;6.6;7.8;5.2
1326108;7.2;8.9;6
1326125;7;5.2;5.4
1326136;7.3;7.3;5
1326142;7.7;4.4;5.3
1326210;6.6;6.4;5.4
1326211;5.8;3.9;6.3
1326219;6.8;4.9;6.3
1326291;5.9;5.3;6.7
1326339;6.7;3.9;4.2
1326341;7.9;6.6;5.6
1326343;7.5;8.5;5.3
1326346;7.7;5;5.9
1326380;6.8;6.6;4.2
1326397;7.5;5.1;6.1
1326399;7.6;8.4;4.9
1326423;7.4;6.7;4.8
1326428;7.2;7.7;6.1
1326430;7.2;7.2;6.4
1326461;6.1;8.6;
1326484;7.6;7.1;
1326536;8;8.5;5.5
1326579;7.4;8.8;6.4
1326580;7;7.5;6.1
1326587;7.5;6.2;6.2
1326600;7.6;7.3;6.5
1326601;7.3;6.6;5.8
1326657;7.2;7.2;5.5
1326685;5.9;6.7;6.8
1326735;7.4;8;5.3
1326737;6.6;7.9;6.4
1326771;5.5;4.7;5.2
1326814;7.8;7.7;5.8
1326817;7;8;5.6
1326827;7.7;5.4;6.3
1326829;7.7;8;6.6
1326832;5.8;6.5;6.1
1326842;6.8;5.3;7.6
1326881;7.2;7.8;5.6
1326900;7;3.6;6.7
1326907;7.7;7.6;6.4
1326938;7.7;5;
1326942;6.7;7.5;
1326945;6.3;6.9;
1326979;6.7;4;5.6
1327005;6.5;7.6;7.6
1327013;6.1;8.3;5.1
1327023;6.7;5.4;7
1327027;6.7;3.8;6.7
1327042;7.1;8.4;5.8
1327064;8;6.3;5.4
1327074;7.3;8.2;5.7
1327084;8.4;6.5;5.9
1327090;8;7.3;6.2
1327099;7.7;9.3;4
1327111;8.3;8.4;6.6
1327123;7.3;5.8;6.3
1327124;7.8;5.5;6.9
1327150;7.3;7.4;6.1
1327151;6.4;7.5;6.2
1327167;8.5;4.6;5.3
1327173;7.9;8.2;6.1
1327214;7.7;6.5;5.3
1327221;7.9;7.2;5.3
1327245;6.9;5.7;6
1327258;7.7;6.6;4.9
1327266;7.2;5.1;6.6
1327292;7.4;7.7;6.2
1327320;7.1;6.5;6.2
1327338;6.4;6.8;8
1327345;7.5;5.4;6.5
1327367;7.4;4.8;5
1327376;7.7;6.1;5.9
1327428;7.7;5.8;
1327433;7.5;8;
1327437;7.8;4.1;
1327468;6.7;6.6;6.8
1327497;6.9;4;5
1327514;6.9;3.8;5.7
1327520;6.6;8.8;6.4
1327568;6.8;6.6;6
1327581;7.4;7.4;5.2
1327584;8;7.8;6.8
1327684;6.8;5;4
1327712;7.2;7.6;5.9
1327721;5.2;7.6;4.8
1327731;7.4;4.7;7.1
1327736;7;4.2;5.6
1327742;7;8.1;6.4
1327749;5.4;8.4;5.6
1327768;6.8;7.4;6.9
1327808;7.2;7.9;6.7
1327812;6.7;7.5;7
1327826;7.1;6.6;5.2
1327831;7;4.6;4.9
1327838;7.4;7.4;5.5
1327846;7.6;6.4;4.8
1327850;8.8;7.7;6.9
1327857;7.9;8.2;4.1
1327912;7.4;7.8;
1327925;7.4;7.8;
1327928;7.4;3.8;
1327942;7.2;7.7;
1328003;6.7;5.4;4.6
1328064;8.6;5.8;7
1328071;7.6;6.9;6.1
1328102;7.2;9.3;6
1328127;7;7;7.1
1328134;6.7;8.7;6.8
1328144;7.4;5.5;6.7
1328155;7.6;4.8;5.5
1328196;8.3;7;6
1328199;7.2;3.7;5
1328208;6.9;3.5;5.3
1328225;6.7;6.6;5.4
1328281;7.6;8.3;5.9
1328283;6.2;8.5;5.9
1328331;5.9;7.9;5.7
1328351;7.2;4.2;6
1328389;6.9;7.6;
1328394;6.8;5.6;
1328396;7.2;8.9;
1328401;6.6;6.4;
1328457;7.1;8.2;5.6
1328495;7.5;6;6.6
1328562;7.3;7.7;6.4
1328614;7.1;6.6;6.8
1328665;8.6;8.2;5.6
1328706;7;8.3;6.5
1328710;6.6;5.1;6.7
1328737;6.6;3.8;6.7
1328792;7.7;7.6;6.2
1328799;5.4;5.2;7.1
1328806;7.3;5;5.8
1328824;5.4;8.6;6.2
1328860;6.9;5.4;
1328871;6.6;7.6;
1328925;7.7;5.7;5.5
1329003;6;6.7;5.7
1329013;7.4;6.9;5.8
1329019;6;5;6.1
1329045;7.1;4.6;6.3
1329047;7.3;7.1;6.2
1329080;6.8;6.5;4.9
1329107;6.5;7.6;6.2
1329116;7.4;7.8;5.7
1329120;7.3;7.5;5.9
1329153;7;4;5.7
1329167;7.9;6.5;5.6
1329209;7.4;4.5;6.8
1329215;7.8;6.5;6.3
1329219;7.7;7.8;6.2
1329225;7.8;8.7;6.1
1329228;7;7.7;6.4
1329229;8.2;8.4;5.5
1329234;7;7.7;5.6
1329240;6.5;6.8;6.8
1329252;7.6;6.4;5.8
1329262;7.3;6.6;8
1329284;7.1;4.1;6.8
1329340;7.5;8.3;
1329362;7.5;8.1;
1329376;7.7;5.8;6.5
1329433;6.7;4;7
1329454;7.9;9.3;5.1
1329471;7.3;6.5;6.5
1329497;7.5;8.1;7.1
1329504;7.9;6.4;5.9
1329565;7.9;9.1;5.5
1329594;7.4;4.7;5.4
1329595;7.9;7.9;6.2
1329604;7.1;7;6.4
1329618;6.7;6.9;5.8
1329635;7.7;4.6;5.1
1329638;7.9;4.7;7.9
1329643;7;5.9;4.8
1329660;7.9;6.1;5.9
1329666;6.7;7.1;5.7
1329711;8.6;6.2;5.8
1329749;6.8;6.7;6.8
1329798;7.7;5.2;6.2
1329830;6.9;7.9;
1329833;7.9;5.5;
1329835;7.2;4.4;
1329837;8;6.3;
1329860;7.3;3.8;
1329865;7.6;7.9;7.2
1329869;7.3;8.6;6.6
1329879;7.6;5.1;6.1
1329907;7.8;5.8;6.9
1329964;8.5;7.2;5.5
1329973;8.4;5;6.3
1329986;7.8;7.9;5.5
1329989;7.5;5.8;6.1
1330110;7.6;8.8;7.2
1330120;7;7.5;5.7
1330179;8.3;4.4;6.9
1330197;8;7;5.4
1330256;7.6;6.8;4.7
1330290;7.6;8.6;5.7
1330311;7.5;6.7;
1330323;7.2;6.8;
1330327;7.6;8;
1330331;7.9;6.3;
1330341;7.4;7.9;
1330367;7.7;7.2;6.2
1330390;6.9;7.9;7.3
1330397;7.1;8.4;5.6
1330405;7.3;5;5.1
1330431;7.7;5.2;5.8
1330474;6;8.1;5.2
1330501;7.9;4.9;6.6
1330520;7.2;3.3;6.4
1330527;7.3;4.5;5.4
1330533;7.6;6.5;6.3
1330568;8.1;8;5.6
1330572;6;7.4;5.5
1330587;5.7;7.9;4.7
1330591;7.3;6.3;5.9
1330596;6.8;8.3;5.5
1330603;6.7;8.4;6.6
1330619;6.2;6.7;6.4
1330628;6.7;6.6;6.3
1330629;6.8;6.6;6.9
1330638;6;4.6;4.7
1330661;6.5;4.1;6.8
1330662;7;5.9;5.3
1330673;6;8;5.3
1330691;5.4;8.3;4.6
1330718;6.2;7;4.8
1330734;5.9;7.6;5.5
1330737;7.4;5.4;6.7
1330796;6.5;5;
1330798;6.8;5.4;
1330799;6.6;6.4;
1330808;7.3;6.1;
1330824;8.3;6.8;6.4
1330830;7.6;4.6;5
1330886;7.2;3.4;5.3
1330898;7.8;6;6.1
1330903;7.1;4.9;6.9
1330911;6.9;6.1;5.9
1330948;7.3;6;6.6
1330963;7.3;7.1;5.1
1330996;8;6.7;5.3
1331079;7.1;6.3;6
1331085;7.7;4.1;6.3
1331095;7;5;6.5
1331098;7.5;6.4;6.6
1331103;8;5.8;5.5
1331142;7.5;7.8;6.1
1331162;7.8;5.4;5.7
1331208;6.5;7.2;5.7
1331231;7.9;4.6;6.7
1331233;7.7;6.9;6.1
1399026;6.6;8.5;
1399047;7.5;4.3;
1399053;6.1;5.8;
1399055;6.2;6.1;
1399060;6.8;5.5;
1399087;6;7.1;5
1399127;7.9;4.9;4.2
1399130;6.9;7.4;5.9
1399178;6.8;5.2;6.2
1399181;7.6;9.1;7
1399186;7.2;6.5;7.4
1399209;6.6;3.9;5.5
1399215;6.8;3.8;5.9
1399222;7;6;7.1
1399238;6.9;8;7.1
1399283;7.9;7.1;5.3
1399286;7.2;3.3;5.2
1399325;7.3;4.5;5.2
1399331;6.8;6.9;6
1399366;7;7.6;4.5
1399396;6.7;7.5;5.9
1399404;7.3;7;5.6
1399406;6.9;5.2;5
1399427;6.5;8.7;5.2
1399441;6.9;6.6;6
1399445;7.4;5.9;6.2
1399448;7;9.1;5.4
1399454;7.3;8.2;6.2
1399488;7;3.2;5.4
1399509;7.2;7.6;6.5
1399525;6.7;6.2;4.9
1399582;6.5;5.4;8.1
1399635;7.8;6.9;
1399650;7.8;5.2;
1399656;7.2;8;
1399657;7.1;5.6;
1399712;8.5;7;5.7
1399762;6.3;3.5;6.9
1399769;7.3;7.7;5.9
1399837;7.2;6.4;4.8
1399854;6.5;7.2;5.2
1399863;7.3;7;5
1399878;8.1;5.9;6.1
1399933;6.7;6.5;5.1
1399939;8.4;7.6;6.9
1399964;6.4;4.3;7.7
1399971;6.9;8.4;6.6
1399996;7.6;9;7.1
1400015;7.5;5.9;5.7
1400019;6.1;7.4;6.3
1400021;7.7;2.9;5.4
1400063;7.8;4.7;6.6
1400084;7.3;3.9;7
1400087;6.6;7.8;6
1400095;8.2;5.9;6.8
1400148;7.7;4.1;6.1
1400175;6.4;7.6;6.7
1400208;7;8.8;6.3
1400239;7.6;7;
1400299;7.7;4.6;6.5
1400305;6.8;7.9;4.9
1400335;7.9;7.5;7.3
1400365;7.1;4.6;5.6
1400403;8.1;6.4;6
1400497;7.2;7.3;7.5
1400501;7.1;6.8;7
1400508;6.3;4.4;5.1
1400512;8.3;6.8;7
1400548;7.2;5.9;5.4
1400584;7.9;6;5.4
1400669;7.3;6.8;6.8
1400678;7.8;5.1;5.4
1400681;8.6;5.9;6.7
1400736;7.3;7.7;6
1400742;6.6;7.6;6.1
1400759;7.2;4.5;6.9
1400802;7.7;7.6;7.4
1400839;7.7;8.2;5.3
1400876;6.9;4.8;
1400882;7.3;7.6;
1400895;7.9;4.3;
1400900;6.8;6;
1400915;7;5.1;
1400942;7.3;3.7;5.7
1400958;7.6;3.9;4.6
1400965;6.5;6.5;6.9
1400975;7.3;4.5;6.9
1400977;7.3;7.6;5.9
1400980;8.7;5;6.5
1400986;7.4;6.4;5.4
1400992;7.3;5.4;5.4
1401007;7.8;7.2;7.1
1401057;7.1;4.3;6.4
1401070;7.9;6.7;6.6
1401076;6.7;8.3;7.7
1401080;7.4;3.6;5.2
1401105;7.7;5.5;6.2
1401154;7.3;6.4;6
1401157;8.3;8.4;5.4
1401208;6.4;5.3;6
1401267;6.8;7.9;6.3
1401276;7.4;5.8;5.9
1401278;7.8;7.4;5.7
1401286;7;5.8;5.9
1401292;7.2;7.4;6.2
1401324;7.3;3.8;5.9
1401375;7.5;5.8;6.5
1401414;7.3;6.8;6.4
1401435;7.1;5.6;6.6
1401441;7.1;4.6;5
1401444;7.9;4.3;6
1401476;7.4;6.3;
1401477;7.7;4.5;
1401496;7.6;6.9;
1401546;7.7;7.5;6.3
1401556;7.3;9;5.7
1401559;7.3;5.5;6
1401582;6.8;7.2;5.2
1401590;7.3;5.2;5
1401594;7.4;3.7;5.5
1401603;7.7;8.6;5.4
1401607;7.7;5;7.6
1401638;7.8;6.3;6
1401642;7.8;3.5;7.5
1401643;8;5.8;6.1
1401678;7.2;6;5.8
1401690;7.5;6.9;4.3
1401698;6.5;6.4;4.9
1401734;7.7;4.9;5.4
1401735;7;7.6;6.5
1401751;6.1;5.7;6
1401778;7;4.7;6.1
1401792;7;6.5;5.3
1401815;5.5;8;6.2
1401821;7.4;5.7;4.6
1401848;7.5;8.7;6.3
1401849;5.2;8.1;4
1401851;7.5;3.7;4.3
1401854;7.2;6.6;8.7
1401861;7.4;4.5;7.5
1401862;7;7.6;3.8
1401863;6.8;7.6;5.6
1401865;5.1;6.3;5.2
1401894;6.2;8.3;4.9
1401935;7.4;7.7;5.9
1401941;7.3;5.7;6.1
1401951;6.8;8;6.2
1401989;6.8;5.7;6.1
1402016;6.2;9;5.3
1402019;6.8;4.2;5.5
1402040;7.4;5.1;6.7
1402045;7.5;5.6;6.2
1402081;8;7.1;
1402083;5.8;5.5;
1402087;7.2;8;
1402100;7.7;6.2;
1402101;7.2;5.9;
1402102;8.4;6.9;
1402105;7.6;7.8;
1402146;6.8;7.1;5.7
1402149;6.6;7.5;4.9
1402156;7.3;5.2;6.2
1402160;7.6;6.1;6.2
1402169;6.6;7.6;5.1
1402197;7.6;7.9;6.1
1402228;6.7;4.7;5.6
1402244;6.2;3.6;6.2
1402266;6.5;4.7;5.9
1402270;7;5.2;6.2
1402275;6.7;4.6;5.2
1402282;7.1;6.5;6.2
1402296;7;6;6.5
1402332;6.8;8.3;5.6
1402334;7.4;5.3;5.9
1402344;7.1;4.6;5.8
1402347;5.5;5.6;6.8
1402371;6.9;4.1;5.9
1402391;5.3;7.5;6.2
1402410;8;4.2;5.3
1402413;6.6;8.2;5.4
1402428;5.7;5.8;6.7
1402429;6.9;6.6;7
1402452;6.8;6.9;5.4
1402533;7.6;4.2;4.8
1402548;7.3;6.8;6.3
1402553;6.9;6.7;7
1402557;8.2;4.8;5.4
1402559;7.8;6;5.9
1402570;6.9;7.4;5
1402614;6.8;5;5.9
1402635;8.3;7.1;5.2
1402642;6.5;6.5;6.7
1402661;7.8;4.2;5.8
1402668;7.7;5.3;6
1402672;7.2;5;5.3
1402682;7;5.1;6.7
1402715;6.7;9.1;
1402741;7.1;7.2;
1402758;7.4;5.2;
1402811;6.9;8.3;6.1
1402834;7.2;4.5;6.5
1402850;7.9;4.1;6.9
1402852;7.3;5.1;5.9
1402872;6.5;7.7;5.4
1402898;7.1;5.9;6.3
1402944;6.8;6.7;6.7
1402962;6.9;4.6;4.6
1402982;7.7;4.2;6.2
1402985;7.2;6.3;6
1403030;7.1;4.8;5.6
1403039;7.8;8.3;6.6
1403044;7.2;6.8;6.2
1403056;7.2;5.9;5.4
1403069;6.8;7.9;5.1
1403117;7.8;7;7.2
1403125;7.5;8;7.1
1403130;7.8;7.1;6.7
1403132;8.1;5.1;7.1
1403166;7.4;8;5.7
1403167;6.8;7.1;5.8
1403198;7.6;6.3;4.2
1403212;6.6;3.8;6.8
1403223;7.2;6.7;5.4
1403235;8;6.1;6.3
1403337;7.4;5.2;
1403349;6.8;5;
1403352;7.4;3.8;
1403369;6.5;4.1;
1403394;7.9;6.3;5.8
1403446;5.4;5.6;6.3
1403490;7.1;6.4;6.1
1403522;6.3;8;5.8
1403526;5.9;7.4;6.5
1403549;5.6;4;5.7
1403554;5.9;8.3;6.1
1403560;6.9;3;5.8
1403570;6.1;8.2;4.8
1403639;6.7;5.6;7
1403655;7.5;8.4;6.2
1403777;5.8;7.7;5.4
1403780;7.3;8.3;5.7
1403784;7.1;4;6.9
1403794;7.5;6.8;7.3
1403811;7.6;7;4.7
1403812;6;8.8;5.8
1403826;6;4.7;6
1403842;6.9;4.6;4.9
1403863;6.5;6.8;6.6
1403896;6.8;6;6.2
1403909;5.5;7.6;5.3
1403980;7.3;8.2;
1404002;6.5;5.2;5.7
1404031;6.8;5.8;6.6
1404038;7.7;4.3;5.9
1404041;6.4;8.6;5.6
1404049;6;6.4;5
1404062;6.9;5.8;5.8
1404063;7;3.5;5.4
1404064;7.2;5.6;4.8
1404132;8;5.9;5.5
1404146;6.8;8.2;5.2
1404189;6.4;6.3;6
1404209;6.2;6.9;6.5
1404245;6.6;5.5;5.6
1404263;7.1;5;5.9
1404275;6.8;4.5;5.9
1404285;7.6;5.3;7.2
1404288;8.6;5;4.7
1404325;5.9;7.1;5.8
1404332;5.2;6.7;5.9
1404339;6.8;7.3;5.7
1404342;5.8;8.5;4.2
1404352;7.8;8.8;6.9
1404385;7.4;4.5;5.2
1404409;7.7;7.4;7.1
1404413;6.6;7.5;6.2
1404421;6;8.2;6.1
1404422;7.4;6;6.5
1404429;5.3;6.9;5.2
1404437;6.2;3.5;6.8
1404477;7.3;7.1;4.8
1404479;7.2;5.1;6.2
1404480;7.1;8.1;5.9
1404485;7.3;7.7;5.7
1404491;7.1;5.6;7.1
1404578;6.9;6.5;
1404581;7.9;7.6;
1404623;7.3;7.5;5.6
1404651;6.5;8.2;6.1
1404723;7.6;7.4;5.3
1404744;7;6;6.2
1404746;5.7;7.9;5.4
1404750;6.9;6.7;5
1404755;6.8;6;6.3
1404761;7;7.5;5.7
1404786;6.9;5.1;4.4
1404793;6.7;5.7;5.8
1404807;6.5;5.6;6.3
1404842;6.6;8.4;6.9
1404881;7.7;7.5;5.5
1404895;7.6;5.9;5.3
1404902;5.2;2.6;7.1
1404944;6.8;3.8;6.6
1404959;5.6;8;6
1405014;7.4;4;5.9
1405018;8;5.2;6
1405032;7.1;5.4;6
1405051;7;5.1;5.5
1405056;8.2;5.2;6.9
1405083;7.6;6.1;5.4
1405097;7.5;8.1;4.2
1405098;7.4;7.8;6.9
1405168;7.6;7.4;
1405176;6.7;5;
1405185;6.4;7.1;
1405197;7.6;6.4;
1405201;6.8;6.7;
1405239;6.8;7.8;5.7
1405255;6.4;8.5;5.3
1405266;7.5;4.8;5.9
1405288;7;3.6;6.4
1405300;7.1;8.8;5.9
1405325;7.4;6;5.5
1405355;7.5;7.2;4.2
1405359;7.6;6.3;6.2
1405388;6.2;7.7;5.6
1405395;7;3.4;4.4
1405409;7;5.3;6.8
1405427;6.5;6.3;6.2
1405436;5.3;6.8;6.1
1405526;7.3;8.5;5.8
1405535;6.7;9.3;4.4
1405543;7.4;4.8;5.5
1405619;6.3;3.3;6.4
1405654;7.4;6.7;4.9
1405660;7.2;4.1;4.6
1405711;7.5;9.1;6.4
1405735;7.9;6.6;6.4
1405779;7.8;4.6;
1405793;6.3;5.4;
1405822;7.8;5.6;
1405843;6.7;4.6;4.3
1405849;6.2;5.8;4.2
1405868;6.6;7.1;5.2
1405904;7;5.5;5.6
1405906;7.3;8.6;6.3
1405914;6.3;8.3;7.5
1405938;6.3;3.8;5.1
1405965;6.7;4.4;6.3
1405980;6.1;6.1;6.3
1405982;6.8;6.6;5.9
1405984;5.7;8.7;5.8
1406020;7.4;6.8;4.9
1406038;6.9;6.6;6
1406057;6.6;8.2;5.5
1406076;6.1;6.2;6.4
1406141;7.8;6.4;6.6
1406150;6.2;4.8;5.3
1406164;5.4;5.3;6.1
1406175;7;5.3;5.6
1406185;7.1;9.5;5.8
1406192;7.5;4.1;6.5
1406198;7.1;5.7;7.1
1406202;7.5;5;6.8
1406211;6.2;7.5;6.2
1406308;5;7.1;4.9
1406337;7.1;5.7;4.7
1406390;7.2;5.7;
1406416;8.4;6.6;
1406447;7.9;5.6;6.3
1406453;8.1;5.4;5
1406456;6.7;5.9;6
1406487;7.3;7.2;6.4
1406493;7.5;8.4;6.4
1406563;7.5;4.9;6.4
1406570;8.1;6;5.7
1406579;6.2;8.6;5.5
1406587;6.7;8.8;6
1406589;5.4;8.9;6.5
1406627;7.7;7.5;6.2
1406677;7.5;9.1;5.4
1406691;6.8;4.7;6.1
1406699;5.9;6.4;4.3
1406718;7.3;4.4;5.1
1406767;5.5;4.6;5.4
1406772;7;8.4;4.8
1406807;5.8;8;6.7
1406851;7.4;8.2;3.4
1406858;7.8;6.6;5.6
1406910;7.4;5.7;6
1406927;7.3;6.7;5.4
1406938;7.3;7.9;5.3
1406946;6.3;7.5;5.1
1406963;7.2;5.8;6.1
1406968;7.3;8.5;4.1
1407012;7;9;
1407028;7.2;6;
1407031;6;7.2;
1407069;8;7;6
1407125;6.5;6.1;5
1407136;6.8;3.4;5
1407142;6.9;7.6;6.6
1407194;7.5;6;6.4
1407204;6;5.5;4.5
1407216;6.4;7.9;5.9
1407224;7.2;6.5;5.1
1407225;6.6;8.7;5.1
1407246;7.7;4.1;4.5
1407256;7.4;5;3.9
1407260;6.7;6.7;5.6
1407285;8;6.2;5.8
1407311;7.6;5.6;6.1
1407353;6;7.9;5.4
1407359;6.8;5.1;4.5
1407372;7.4;7.9;5.8
1407377;6.6;8.3;4.9
1407382;6.7;8.3;6.4
1407417;7.5;4.8;5.3
1407441;7.8;4.2;5.8
1407476;7.2;4.9;6.2
1407490;6.5;7.9;7
1407495;7.8;8.1;5.8
1407517;6.9;4.8;6.7
1407620;6.7;7.1;
1407643;6.9;6.8;
1407651;7.9;7.8;
1407704;7;7.6;7
1407715;6.9;5.9;4.9
1407730;8.1;7.4;7.3
1407758;8.2;4.7;5.4
1407761;7.8;8;5.7
1407762;6.1;7.7;6.3
1407777;7.9;4.4;6.3
1407785;7;5.8;6.8
1407786;7.2;7.2;6.4
1407819;7;8.7;6.6
1407832;7.5;8.1;6.4
1407833;7.1;6.2;5.8
1407848;7.7;4.4;6.4
1407862;7.5;8.2;5.9
1407889;6.9;4.7;6.1
1407983;8.1;7.6;7.4
1407986;7;9.3;6.2
1407993;8;8.5;5.7
1407997;6.6;6.8;5.7
1408019;6.5;5.9;7
1408035;6.3;7.4;6.6
1408075;7.5;8.5;5.3
1408080;7.5;3.9;5.5
1408085;7.2;5.1;6
1408121;6.1;5.7;7.3
1408159;7.6;7.2;4.1
1408160;7.8;7.7;6.1
1408195;7.5;5.2;5.2
1408238;6.5;5;
1408240;7.3;8;
1408251;6.5;4.6;
1408306;6.6;4.7;4.3
1408307;7.7;6.2;6.9
1408349;6.6;4.8;6.5
1408381;5.9;8;6.9
1408470;5.5;5.9;4.7
1408475;6;6.2;5.4
1408492;6.7;8.3;5.7
1408494;7.3;6.7;5.7
1408495;7.6;6.9;7.5
1408504;6.4;3.3;6.1
1408515;6.7;7;6.2
1408516;4.1;7.4;5.5
1408517;7.1;4.8;5.5
1408525;6.4;6.2;7.1
1408529;8.3;5.5;5.4
1408530;6.6;5.9;6.2
1408551;7.8;6.9;6.2
1408574;6.7;8.3;6.5
1408598;6.9;7.9;6.5
1408601;7.4;4.9;7.6
1408611;6.7;8.4;5.7
1408619;6.7;7;7.4
1408622;7;8;8
1408676;7.1;4.1;6.6
1408680;6.6;4.6;6.7
1408702;7.4;3.8;6.2
1408712;7.3;7.1;4.5
1408782;6.5;6.9;6
1408852;7.9;8;
1408857;7.1;5;
1408868;9.2;4.7;
1408879;7.5;4.3;
1408885;6.5;7.2;
1408888;6.8;5.7;
1408896;6.8;3.7;
1408922;7.3;6.1;5.5
1408955;7.3;8.1;5.3
1408969;7.7;4.5;6.4
1409009;7.5;6.6;6.2
1409015;5.4;8;4
1409030;7.2;6.9;6.6
1409050;8.2;5.8;6
1409070;7.7;6.7;7.6
1409098;6.2;4.9;6.5
1409156;7.1;9.2;5.6
1409213;6.9;6.2;4.5
1409220;7.6;8.8;6.7
1409224;7;8.3;5.6
1409235;6.4;7.4;5.6
1409269;6.8;8;4.6
1409280;5.6;6.1;5.3
1409290;7;8.6;5.6
1409295;7.7;5.7;6.7
1409316;6.5;6.7;5.7
1409384;7.1;5.4;7.2
1409388;7.5;8.7;4.5
1409391;6.8;7.6;6.1
1409442;7.5;5;
1409450;7.1;7.8;
1409467;6.3;5.4;
1409491;7.5;4.9;5.1
1409532;7.1;6;6.1
1409559;6.2;8.5;6
1409573;7.1;4.1;5.8
1409576;7.2;7.8;6.2
1409596;6.9;6;6
1409603;7.9;8.1;5.8
1409649;6;4.5;5.8
1409654;4.8;5.9;4.9
1409678;7.4;6.1;7.1
1409713;6.8;6.8;5.8
1409724;6.8;6.3;5.6
1409741;7.4;7.9;5.3
1409754;8.4;4.3;7.6
1409804;5.6;6.7;6.2
1409816;6.9;7.1;6.2
1409876;6.3;7.5;5.6
1409895;7.3;8;5.6
1409904;7.3;4.6;6
1409951;5.6;5.9;5.3
1409986;7;4.3;5.9
1409997;7.1;5.8;5.5
1410032;6.1;4.4;
1410036;5.7;8.3;
1410175;6.5;8;7.1
1410201;7.2;8.4;6.7
1410232;6.7;7.3;5.8
1410242;6.3;3.2;6.4
1410249;6.8;8.6;6.7
1410285;7.2;8.9;4.3
1410321;5.7;7.7;5.5
1410382;6.5;5.1;5.3
1410390;6.6;3.9;4.8
1410417;7.6;4.8;4.8
1410455;6.7;6.3;6.4
1410492;6.6;3.6;6.1
1410511;6.7;7;5.8
1410548;6.9;6.5;6.8
1410601;7.9;6.3;6.9
1410604;7;5.6;6.8
1410655;7.8;4.5;
1410670;6.2;7.6;
1410687;6.8;5.1;
1410719;7.4;6.2;5.2
1410745;7.4;7;6.3
1410748;7;7.8;7.5
1410811;6.9;8.1;6.9
1410836;7.5;5.1;7
1410852;7.3;4;6
1410853;7;9.2;7.5
1410867;6.5;7.9;7.1
1410897;6.9;6.2;6.8
1410934;8.3;4.9;4.7
1410963;6.5;8.1;6.9
1410970;7.3;6.4;5.4
1411009;7.8;8.5;6.4
1411013;6.5;7.7;6.3
1411024;6.9;7.1;6.5
1411119;6.9;8.2;5.7
1411147;7.1;5.8;7
1411158;6;6.6;5.2
1411160;7.8;6.6;4.8
1411166;6.5;6.3;6
1411207;7.4;6.2;5.5
1411209;7.6;4.5;4.4
1411247;6.5;6.4;
1411252;6.7;3.2;
1411272;8.6;8;
1411281;7.6;8.6;
1411290;6.7;4.3;
1411347;7.9;7.6;6.4
1411352;7;8;5.9
1411373;6.8;6.7;4.5
1411377;7.4;4.4;5.4
1411395;7.1;4.9;5.3
1411418;7.6;6.6;5.3
1411429;7.2;5.6;5.5
1411449;6.9;6.7;6.3
1411460;7.6;4.2;6.3
1411483;5.5;8.1;4.8
1411536;7.2;7.1;5.2
1411563;7.6;7.8;6
1411594;5.6;6.3;6.7
1411601;8;6.9;6.9
1411609;7.8;5.6;5.2
1411611;5.5;8.2;7.2
1411614;6.9;4.6;4.9
1411618;6.8;5.1;6.3
1411646;7.4;3;6.6
1411676;7.8;8.2;5.8
1411684;7.5;6.1;6.3
1411740;6.3;6.6;6.7
1411747;7.3;3.6;6
1411769;6.2;8.1;7
1411814;6.9;5.3;5.1
1411884;7;3.9;
1411910;7.5;6.6;
1411918;7.4;6.6;
1411927;7.6;6.1;
1411950;7.6;6.6;7
1411954;7.6;4.4;6.1
1412002;7.3;5.6;5.3
1412011;7.3;7.8;6.4
1412014;7.3;6.6;6.1
1412033;7;8;6.3
1412055;7.5;4;5.2
1412136;6.2;5.4;4.8
1412146;7;6.5;5.5
1412187;8;4.6;5.8
1412206;7.1;6.5;6.4
1412231;5.9;8.6;7.3
1412249;7.3;7.7;6
1412258;8;8.6;5.7
1412265;7.5;4;4.7
1412284;7.1;6.1;5.8
1412300;6.9;6.9;6.1
1412314;7.3;4.7;5.3
1412322;6.5;4.7;4.8
1412331;6.6;5.8;5.2
1412333;6.5;7.2;4.6
1412338;8.2;7.6;4.6
1412373;7.4;6;5
1412421;7.5;4.9;5.4
1412436;7.5;8.7;6.3
1412495;7.3;7.8;
1412518;8.2;7.8;
1412565;6.8;5.8;5.5
1412576;7.3;4.3;7
1412603;7.7;4.3;6.9
1412633;7.1;6.3;6.2
1412654;8.1;5.9;6.6
1412687;7.8;5.6;4.8
1412693;6.9;6.2;5.5
1412715;5.7;4.7;5.4
1412717;5.8;7.1;6.6
1412741;7;4.4;4.9
1412815;7.2;8.7;5.7
1412870;7.1;6.8;5.8
1412875;7.5;4.8;5.5
1412941;7.9;3.8;5.8
1412956;7.2;7.5;7.5
1413011;7.5;5.1;5.6
1413020;6.8;8.1;4.4
1413021;7.2;6.2;4.8
1413023;7.6;6.6;7.1
1413024;6.9;7.1;5.8
1413025;7.8;6.4;6.4
1413029;7.5;7.7;5.2
1413040;5.1;6.7;6.6
1413061;7.7;5.4;5.5
1413102;6.8;7.7;
1413104;7.7;7.5;
1413107;7.3;8.2;
1413110;7;8.8;
1413122;6.3;8.9;
1413169;8;8.8;5.8
1413199;7.4;8.8;5.1
1413215;8.1;5.7;5.1
1413249;7.8;4.8;6.5
1413251;7.7;7.5;5.7
1413257;8.3;6.1;5.1
1413259;7.8;5.2;4.6
1413272;6.9;5.9;5.6
1413274;7;3.2;7.1
1413307;6.8;5.9;5.8
1413346;8;7.1;5.7
1413355;6.8;4.1;7
1413384;7.1;4.2;5.9
1413405;7.8;8.6;6
1413441;8.2;5;6.9
1413451;8.1;7.7;6.1
1413467;7.7;4.6;5.7
1413468;5.2;4.9;5.1
1413500;7.8;4.6;5.4
1413514;5;6.6;5.3
1413525;7.1;6;5.9
1413588;8.2;4.5;6.3
1413632;6.5;5.9;6.1
1413635;7.9;3.3;5.1
1413682;6.5;3.8;5.2
1413689;7.3;3.8;5.9
1413766;6.2;5.7;
1413770;7.5;7.8;
1413794;6.6;4.8;5.9
1413807;7.8;7.2;5.8
1413823;7.1;4.4;5.9
1413826;6.6;5.7;5.9
1413860;7.2;7.5;5.7
1413873;6.3;7.2;6.4
1413894;7.6;3.8;5.1
1413919;6.5;8.4;4.6
1413936;6.4;5.3;6
1413950;7.6;8.2;5.3
1413968;7.3;6.5;6
1413972;6.6;7.5;5.8
1413984;8.1;6.6;5.9
1414036;6.2;5.6;4.9
1414096;7.3;6.7;5.1
1414118;5.2;8.8;5
1414123;6.8;4.2;5.8
1414142;7.2;7.3;5.3
1414157;4.9;8.5;5.3
1414182;7;8.6;5.2
1414194;7.4;6;4.4
1414195;7.5;7;6.3
1414196;7;7.8;6.3
1414295;7.4;7.3;6.4
1414300;7.6;3.3;5.9
1414307;7.4;4.6;5.9
1414340;7.8;6.2;
1414350;8.1;8.4;
1414366;7;7.8;
1414376;7.3;8.2;
1414382;7.3;8.4;
1414421;7.1;4.9;5.8
1414427;7.6;7.5;6
1414454;7.2;5.3;7.6
1414499;7.2;7.1;6
1414501;6.8;5.9;5.1
1414509;6.6;3.7;7
1414567;6.9;7.1;5.6
1414583;7.8;5.1;6.4
1414661;7.8;6.1;3.8
1414662;7.1;3.8;6
1414664;7.7;7.7;4.9
1414681;6.6;7.4;4.9
1414694;7;5.1;5.9
1414703;6.5;7.5;5.8
1414708;6.7;4.7;5.6
1414755;7;6.2;7.7
1414770;7.1;7.3;5.5
1414878;7.1;6.2;8.7
1414888;7.5;8.5;6.2
1414894;4.8;7.8;4.8
1414895;8.3;6;5.8
1414904;7.2;7.6;6.4
1414924;7.1;8.1;4.9
1414925;7.4;7;4.8
1414934;8;7;5.6
1414973;7.1;8.5;
1414992;7.3;5.9;
1415002;7.8;8.2;
1415030;7.9;5.3;6.2
1415033;8.1;7.3;6.7
1415047;7.1;6.3;4.4
1415077;6.9;5;5.8
1415171;6.9;7.6;5.3
1415206;6.8;8.2;5
1415210;7.2;5.2;4.9
1415255;6.6;7;6.5
1415332;4.7;6.9;5.9
1415353;7.2;7.5;5.2
1415416;6.3;5.8;6
1415456;5.9;7.7;7.4
1415467;5.9;7.4;5
1415486;6;6.4;7.2
1415501;7;6.5;6.6
1415515;6.3;5.4;6.2
1415520;7.1;4.1;6.1
1415544;6.2;4;6.2
1415547;6.2;5.5;5.9
1415548;6.7;4.9;5.1
1415550;6.3;5;5.2
1415554;6.3;9.1;6.4
1415555;6.7;4.7;6.1
1415557;7;8.2;6.5
1415589;7.3;7.4;
1415590;6.5;6;
1415591;7.4;6.1;
1415621;7.4;7;
1415669;7.7;5.7;5.9
1415696;6.6;7.8;7
1415705;7.2;6.6;4.7
1415722;7;7;4.3
1415766;6.5;6.5;5.4
1415792;8.2;6.3;5.4
1415836;6.9;4;5.5
1415875;7.4;5.7;6
1415935;7.7;6.8;7
1415941;5.7;4.5;4.8
1415977;7;5.8;5
1415980;7.4;5.1;5.5
1415989;8;3.9;6.8
1415991;7.4;5.7;5.1
1416068;7.5;7.1;6.6
1416094;6.5;5;6.1
1416099;6.6;6.3;6
1416101;6.9;4.8;6.8
1416122;6.3;6;6.3
1416131;8;6.7;6.3
1416139;7.9;6.7;6.4
1416156;5.4;8;5.7
1416157;8;3.9;5.1
1416175;7;7.1;7.2
1416226;7.4;7;
1416228;7.1;8.1;
1416240;7.4;4;
1416270;6.9;6.7;7
1416274;8.7;5.3;4.9
1416300;8;8.2;6.7
1416302;7.3;7.6;4.8
1416348;6.8;7.6;5.7
1416386;7.6;5.4;4.6
1416395;6.9;9.2;4.9
1416402;6.9;6.1;5
1416404;7.4;3;4.9
1416413;6.7;7.4;6.4
1416414;7.8;7.5;6
1416427;6.3;8.6;5.7
1416436;7;4.5;4.5
1416442;7.9;7.9;6.8
1416466;6.4;7.9;6.8
1416506;7.7;7.2;5.3
1416509;6.7;6.1;6.3
1416601;6.9;5.6;6.4
1416610;8.1;6.9;5.4
1416750;7.8;4.9;6.1
1416776;7.3;7.4;6.5
1416782;6.9;8.4;6.6
1416817;7.1;8.5;
1416827;7.2;5.2;
1416854;7.3;5.5;
1416892;7.5;6.5;5
1416914;6;7.6;5.1
1416916;8;6.2;7.5
1416928;7;3.7;5.8
1416964;7.7;5.5;5.6
1416997;7.2;5.4;6.4
1417028;6.8;6.3;5.8
1417043;6.5;6.5;5
1417111;6.3;6.5;4.6
1417114;7;5.3;5.4
1417126;5.9;4.7;4.9
1417142;6.4;8.1;5.5
1417149;6.9;4.8;4.9
1417233;7.1;6.6;5.6
1417263;7;5.6;5.6
1417268;8.9;7.2;5.8
1417289;6.5;7.4;6.2
1417298;6.6;4.6;7.3
1417387;7.4;4.2;6.4
1417430;7.7;7.8;
1417436;6.5;5.6;
1417450;7.6;4.7;
1417460;8.4;7.1;
1417503;8;6.9;4
1417541;6.6;8.2;6.9
1417576;7;5.8;5.7
1417609;7.8;5;7.6
1417616;6.6;7.9;6.3
1417672;7.6;8.2;7.9
1417677;8.5;6.2;5.9
1417707;7.1;6.5;6.7
1417773;7.6;3.3;6.4
1417800;8;7.3;6.4
1417838;7;6.4;6.2
1417880;7.6;4;7.5
1417966;7.1;5.6;4.5
1518402;6.9;7.8;
1518409;6.6;6.3;
1518418;6.4;5.1;
1518444;8.3;7.2;5.7
1518501;6.4;4.8;5.4
1518532;6.8;5.9;6.3
1518569;7.3;6.4;6.3
1518574;5.8;6.6;5.4
1518588;6.5;4.6;6.6
1518612;7.6;3.5;5.7
1518632;7.9;5;5.7
1518644;5.4;4.6;5.6
1518657;7.5;6.1;6.7
1518661;6.2;7.5;8.2
1518670;8;9;7.6
1518678;7.7;7;7.3
1518679;6.3;6.8;5.1
1518728;7.9;4.8;5.6
1518732;6.7;7.4;7
1518737;5.2;7.2;5.6
1518771;6.7;4.1;6
1518775;7.1;6.5;5
1518788;7.8;5.8;4.2
1518805;7.6;6.6;7.9
1518845;7.8;7.7;6.5
1518962;7;6.4;6
1518993;7.3;7.9;6
1519035;7.5;6.3;6.2
1519038;8.1;3;6.9
1519049;6.1;7.6;5.6
1519114;6.1;7.6;7.1
1519160;7;4.4;6.2
1519163;6.1;8.6;6.7
1519164;7.3;7;6.3
1519204;8.5;4;5.2
1519215;7.6;7.5;7.3
1519234;7.2;4;5
1519247;7.5;5.5;6.5
1519261;8;6;7.8
1519276;7.4;7.9;4.2
1519304;7.8;6.8;6.1
1519307;7.1;4.4;6.1
1519309;7.6;8.9;4.4
1519351;7.6;6;5.8
1519354;7.5;8.3;5.4
1519360;5.4;6.9;6.5
1519361;7.3;8;5.8
1519364;7.3;7.6;6.5
1519424;7.6;7.2;
1519425;7;6.5;
1519428;7.2;4.4;
1519429;7.6;7.9;
1519433;7.3;4.9;
1519443;6.7;7.6;
1519483;7.3;8.3;6
1519485;7.6;3.2;4.5
1519506;7.5;6.2;5.6
1519518;6.3;7.3;5.4
1519551;6.1;6.4;5.8
1519559;7.7;6.8;5.3
1519609;6.3;7.6;5.8
1519665;5.4;5.8;5.7
1519674;6.8;4.5;6.3
1519675;7.4;7.1;5.8
1519685;8;4.7;4.5
1519712;7.6;7.4;6.6
1519729;7;5.3;6.4
1519730;7.3;4.2;5.4
1519736;6.5;4.7;6
1519743;6;7.1;4.9
1519748;6.6;7.6;5
1519751;7.9;6;5.5
1519762;7.3;4.1;6.4
1519783;7.8;6;5.7
1519807;5.5;7.8;6.9
1519816;6.3;6;5.4
1519847;8;6.5;7
1519851;6.6;6.4;6.5
1519882;7.5;5.3;6.8
1519906;7.4;5.4;
1519907;6.5;6.4;
1519915;6.8;8.1;
1519964;7.7;6.1;4.8
1519989;7.3;8.4;6.2
1520012;5.6;5.8;4.6
1520017;7.9;4.6;6.5
1520069;8.1;7;5.4
1520088;6.8;7.1;5.2
1520108;7.2;7.6;7.1
1520120;6.7;8.2;5.7
1520150;7.1;6.9;5.7
1520172;5.3;4;6.3
1520185;6.9;7;5.6
1520217;6.9;8.3;5
1520273;7.2;3.5;6.1
1520292;7.1;3.5;5.2
1520297;4.9;7.9;6.8
1520301;7.8;5.9;7
1520341;7.3;7.3;4.4
1520342;7.2;5.9;6
1520351;7.6;6;6.4
1520353;8.4;5.1;7
1520374;7.4;5.9;7.1
1520381;7.8;4.4;5.4
1520407;6.5;7.9;
1520417;6.2;6.8;
1520455;5.2;4.5;6.2
1520462;6.4;7.4;6.3
1520527;7;6.2;5.8
1520594;5.9;8.9;6.5
1520611;6.5;5.1;5.1
1520621;7.4;5.1;5.4
1520622;7.5;7.4;6
1520623;6.8;5.2;6.6
1520678;7.4;6.3;4.6
1520700;7;7.2;6.3
1520716;7.4;5.4;7.6
1520733;6;6.5;6.1
1520773;7.2;7;6.8
1520784;7.2;4;5.7
1520793;7.6;7.3;6.2
1520799;7.1;7.1;6.7
1520803;7.9;3.3;6
1520815;7.8;8.7;6.7
1520816;7.8;3.4;7.1
1520881;6.8;6.4;4.9
1520934;6;6.4;
1520944;7.3;8.6;
1521003;6.3;6.2;7.6
1521016;6.8;4.2;6.6
1521019;6.5;4.3;6.7
1521022;7.1;5;6.3
1521061;7.3;6.5;5.2
1521067;7.1;7.3;6.6
1521088;6.6;5.4;6.5
1521199;6.9;4.1;5.5
1521203;7;7.5;6.7
1521204;6.2;3.1;5.8
1521311;7.4;3.9;6.3
1521325;7.1;4.7;4.4
1521328;6.9;8.8;5.5
1521339;5.3;7.4;5.3
1521357;5.8;5.8;5.7
1521369;8.5;5.7;6
1521370;7.3;4.6;7
1521414;7.7;8.4;6.5
1521418;7.6;6;6.6
1521469;5.7;8.4;
1521531;6.5;8;5.9
1521595;6.7;6.5;6
1521603;6.8;3.6;7.1
1521608;6.8;4.8;6.3
1521639;7.3;4.1;6.1
1521667;6.8;6.6;7.2
1521674;7.1;7;6.9
1521748;7;7.8;5.6
1521772;7.2;4.6;5.9
1521776;6.8;6.2;4.3
1521794;6.7;8.1;6.8
1521820;6.4;6.7;6.5
1521822;7;5.5;5.3
1521826;6.8;6.7;5.3
1521835;6.1;6.6;5.2
1521883;6.2;3.9;7.1
1521908;7.1;6.2;6.3
1521940;8;7.5;
1521949;7.8;6;
1521954;7.9;7.9;
1521963;8.2;6.5;
1521988;7.1;7.3;5.2
1522014;7.3;7.4;6.1
1522029;8;4.7;5.7
1522050;7.6;7.9;6
1522089;7.5;4.5;7.5
1522150;6.5;7.9;6.8
1522192;6.6;7.6;5.4
1522196;7.9;6.1;5
1522248;7.6;6.4;4.6
1522304;7;8.9;5.3
1522355;7.8;4.2;5.7
1522381;5.3;8.7;5.1
1522383;7.2;8.1;5.5
1522408;7.1;7.5;5.4
1522432;7.6;4.9;
1522446;6.9;6;
1522448;7.6;8.1;
1522489;7.7;6;6.6
1522492;6.6;6.3;6
1522510;7.6;7.4;6.1
1522550;7;5.2;5.6
1522571;6.4;7.8;7.1
1522602;7.3;7.6;6.4
1522637;6.8;7.3;5.2
1522700;7.1;8.7;6.7
1522708;7;6;6.3
1522753;6.6;5.1;5.6
1522775;6.1;8;6.6
1522781;7.7;4.2;5.4
1522803;6.3;6.7;5.6
1522820;7.4;7.3;5.5
1522879;7.2;5.8;5.6
1522939;8;7.2;
1522970;8.1;5.9;
1522988;6;7.6;6.6
1523009;7.2;7.9;5.9
1523043;7.9;6.3;6.2
1523059;6.8;8;5.1
1523062;8.8;5.9;5.1
1523091;6.4;7.9;7
1523104;7.8;5.6;5.8
1523109;7;4.2;6.4
1523150;6.8;4.9;5.9
1523152;7.2;7.4;5.6
1523168;7.1;2.6;7.3
1523181;6.8;8.6;5.9
1523195;5;3.6;4.9
1523206;5.6;6.5;5
1523245;7.3;7.6;7.6
1523259;7.5;8.4;6.7
1523273;7.3;4.1;6
1523400;7.1;7.7;5.2
1523413;7.1;6.5;7.1
1523420;6.8;8.4;5.7
1523425;7.2;3.4;6.7
1523485;6.4;6.3;
1523503;7.5;7.2;3.8
1523529;7.3;7.9;6.8
1523552;7;3.7;7
1523562;7.9;4.6;6.3
1523582;6.5;8.6;5.2
1523605;7.2;6.3;5.8
1523612;7.2;6.7;7
1523624;7.6;3.9;5.6
1523639;6.8;5.6;5
1523674;6.4;8.6;5.7
1523692;7.8;6.7;6.7
1523697;6.8;5.5;6.6
1523705;6.9;4.5;5.4
1523754;7.5;4.9;6.2
1523761;7.1;6.8;6.9
1523773;6.1;4;5.6
1523790;8.8;7.7;5.6
1523796;7;8;6.1
1523805;7.6;4.8;5.7
1523906;7.1;6.1;4.5
1523913;6.6;6.2;6.9
1523915;6.9;5.8;5.1
1523921;7.6;6.6;6.5
1523937;7.7;6.6;6.2
1523998;8.4;7.8;
1524018;6.5;4.8;
1524042;6.8;4;6.8
1524053;7.7;6.5;5.3
1524059;7.4;3.5;7.4
1524091;7.6;6.6;5.6
1524098;7;3.3;5.8
1524134;5.5;6.8;4.9
1524135;7.7;7;5.8
1524144;7.3;3.4;6.3
1524178;8.1;5.3;5.7
1524207;7.1;6.3;6.5
1524230;7.5;4.6;5.6
1524243;6.3;4.3;6
1524304;7.7;6.4;6.1
1524346;7.4;6.8;4.6
1524402;7.2;5.3;6.7
1524424;6.7;4.4;5.3
1524431;7.9;4.6;5.9
1524436;6.7;5.2;5.8
1524444;7.2;8.8;6.9
1524476;6.9;3.1;5
1524482;6.2;6.7;5.8
1524519;6.7;5.5;
1524527;5.5;5.9;
1524539;7.9;8.1;
1524565;7.5;5.1;6.6
1524601;6.5;6.2;6.1
1524615;7.2;3.7;5.3
1524619;7.6;7.5;6.1
1524633;7.7;4.6;5.4
1524691;6.8;7.9;4.7
1524704;7.2;3.9;4.6
1524727;7.6;6.3;5.9
1524729;7;6.1;5.4
1524757;7.9;8;5.7
1524845;7.4;4.5;7
1524896;7.1;5.5;6.5
1524905;7.1;4.9;6.6
1524929;6;7;6.8
1524954;6.8;5.4;6.2
1524972;7;6.3;4.8
1524999;6.4;8.3;6.1
1525001;6.5;5.8;5.8
1525037;6.8;7.1;
1525074;7.5;5;4.9
1525075;7.1;4.4;5.5
1525078;7.1;4.2;6.5
1525087;6.1;6.3;5.4
1525107;7.2;7.6;4.4
1525108;7.1;7.9;4.7
1525109;7.1;7.6;6
1525134;7;2.8;5.7
1525176;6.9;6.8;6.4
1525241;6.1;3.8;5.8
1525257;6.6;6.9;6
1525266;6.5;6.5;6.7
1525270;5.3;3.2;6.4
1525302;6.7;7.1;5.7
1525368;6.2;7.4;5.6
1525404;5.4;7.4;7.1
1525406;5.4;7;6
1525464;5.7;8.3;6.9
1525470;7.3;7.5;5.3
1525529;6.3;8.9;
1525530;6.8;8.2;
1525537;8.2;7.1;
1525547;6.1;8.4;
1525607;6.2;7.4;7
1525623;7;7.2;5.1
1525634;7.6;8.2;6.1
1525641;5.2;5.5;6
1525683;7.5;4.6;6.9
1525695;6.6;8.9;6.7
1525696;7.1;5.8;7
1525709;6.3;7.6;6.2
1525726;6.8;7.8;5.1
1525760;7.6;5.8;5.5
1525764;7.2;3.1;6.1
1525774;7.7;5.1;5.9
1525775;6.2;6.4;6.7
1525798;6.3;3.7;5.6
1525853;7.1;4.8;6.9
1525856;5.4;6.2;5.7
1525883;7.3;7.2;5.1
1525915;7.9;3.1;7.5
1525923;7.4;7.5;5.8
1525925;7;4.4;6.1
1525937;7.1;3.8;5.6
1525992;7.3;6.3;6.2
1526013;6.8;3.7;5.9
1526095;8;4.8;5.7
1526114;7.1;7.1;7.2
1526127;7.5;7.6;6.9
1526177;7.9;6.2;5.7
1526198;7;7.6;5.7
1526209;8.4;5.5;6.1
1526231;6.3;7.7;5.6
1526255;6.6;6.5;6
1526258;7.5;5;4.4
1526264;8.1;5.7;5.4
1526298;7.2;5.6;6.1
1526333;7.5;8;8
1526341;6.9;7.5;7.9
1526355;7.7;9.3;7.6
1526383;7.1;3.7;6.3
1526449;8.4;3.6;6.5
1526453;8.3;4.8;5.6
1526469;7.8;6.3;5.5
1526504;7.8;5.7;6.1
1526526;7.3;7.2;4.5
1526577;6.9;5.9;
1526578;7.8;5.5;
1526588;7.8;7.3;
1526610;8.6;6;6.2
1526641;6.8;7.1;5.2
1526701;7.2;8.2;6.3
1526730;8;7.4;5.4
1526737;7.3;7.4;4.1
1526783;7.2;6.1;5.3
1526793;7;6.1;5
1526824;6.9;5.2;5.2
1526831;7;4.9;6
1526864;7.8;8;6.9
1526880;6.7;7.1;5.3
1526887;7.3;9.1;5.3
1526932;5.4;4.1;5.9
1526970;8;7.3;5.8
1526971;7.5;4.6;5.5
1526972;7.1;7.9;5.5
1526974;7;8.3;4.8
1526983;8.2;7.1;6
1527028;8.4;6.5;6.7
1527033;8.2;5.5;6.1
1527055;7.5;3;6.1
1527056;7.7;6.2;5.8
1527058;7.9;4.2;5.9
1527093;6.5;5.9;
1527104;7.3;6.6;
1527132;7.6;4.2;
1527156;7.2;7.4;5.3
1527158;7.6;2.6;5.7
1527246;8;3.8;6.1
1527256;7.5;8.4;5.2
1527257;7;4.1;6
1527262;5.8;3.1;6.1
1527268;7.4;7.8;5.8
1527294;7.2;5.9;6.3
1527309;7.1;4.4;4.8
1527343;7.3;5.6;5.9
1527355;7.4;5.5;7.4
1527369;6.4;4.1;5.6
1527379;6.9;4.5;6.7
1527389;7.2;7.7;8.1
1527393;7.6;5.1;6.3
1527419;7.3;5.9;5.3
1527429;7.9;7;6.2
1527434;7;8.1;6
1527451;7.9;2.9;5.6
1527462;7.1;3.2;6.1
1527469;6.3;6.8;6.9
1527475;6.8;7.4;5.2
1527507;7.2;6.3;6.8
1527550;7.8;4.6;4.4
1527590;6.3;5.2;
1527593;7.2;5.3;
1527601;6.7;6;
1527623;7.5;5.8;6.3
1527689;7.8;7;5.5
1527700;7.2;6.4;6.8
1527711;6;6.1;5.2
1527748;6.7;6.3;7.4
1527768;7.1;3.4;6
1527813;7.4;5.7;5.9
1527871;6.1;4.8;5.7
1527872;6.6;7.8;5.4
1527914;7.4;5.4;5.8
1527991;7.5;6.5;5.7
1528003;6.9;7.4;6.6
1528037;8.2;5.2;6.1
1528042;7.4;6.8;5.7
1528047;6.1;6.3;5.4
1528077;8;9.2;4.3
1528105;6.4;4;
1528108;8.4;6.2;
1528113;7.1;6;
1528116;6.7;6.5;
1528154;7.6;5.6;5
1528274;7.6;7.5;5.8
1528443;6.7;6.2;5.9
1528481;6.6;7.5;6.5
1528484;7.5;8;6.7
1528537;6.5;5.6;6.5
1528563;6.2;7.9;7.9
1528574;8.2;3.6;6.4
1528611;7.2;8.6;
1528620;7.5;5.9;
1528631;5.9;4.3;
1528674;7.5;2.6;5.2
1528698;6.9;4.6;6.9
1528700;6.5;6.1;5.9
1528734;7.1;5.7;6.5
1528738;7.6;6.7;5.2
1528739;7.7;7.3;5.7
1528766;7.1;4;5.6
1528777;7.8;5.9;6.7
1528783;7.2;8.6;4.7
1528828;7.4;7.7;6.7
1528865;6.8;8.4;6.2
1528881;7.3;5.4;6.9
1528940;6.5;4.5;7.5
1528943;7.1;8.3;5
1528951;5.7;8.8;5.5
1528961;6.2;5.1;7.1
1528980;8;7.4;6.3
1529021;7.5;6.9;6.8
1529081;6.6;6.7;4.8
1529134;7.6;5.8;
1529138;7.9;6.9;
1529144;6.4;5.6;
1529146;6.7;3.6;
1529159;7.1;5.7;
1529163;6.9;6.9;
1529197;7.3;5.4;5.5
1529227;7.4;7.8;6.8
1529228;6.9;3.2;5.7
1529240;6.2;5.9;5.9
1529283;7.4;7.2;6.6
1529366;7;7.3;5.8
1529374;8.1;3.8;5.8
1529399;7.8;9.1;6.3
1529420;7.4;7.8;6.7
1529422;6.4;7.7;6.3
1529439;7.1;4.5;6.6
1529454;6.8;7;5.9
1529462;6.8;6.3;6.8
1529467;7.3;3.8;6.5
1529468;6.6;4.8;6.5
1529474;6.4;3;6.1
1529480;5.2;7.9;4.9
1529525;7.3;7.5;5.6
1529654;6;5.7;
1529657;7.5;7.3;
1529664;6.9;7.5;
1529665;7.3;5.7;
1529668;7.6;6;
1529673;6.8;4.3;
1529677;7.1;6.8;
1529681;7.5;5.4;
1529709;7.5;6.6;5.2
1529746;6.2;6;7.6
1529750;7.2;5.4;6.8
1529755;5.2;7.9;4.1
1529768;7.4;7.9;5.6
1529832;7.2;6.1;5.9
1529852;8.1;5;4.5
1529901;6.2;6;5.1
1529939;6.4;8.3;7.5
1529990;7;4.8;5
1530008;6.8;5.9;6.3
1530020;7;5;5.5
1530049;6.8;5.4;6.3
1530051;7.1;7.3;6.5
1530055;7.5;3.6;6.7
1530139;6.9;5.5;6.2
1530140;7.7;4.6;4.4
1530221;7.1;5.2;6.1
1530230;6.4;6.4;6.6
1530238;7.8;3.5;5.9
1530268;6.9;7.5;5.7
1530272;6.7;4;5.8
1530280;6.6;7.1;5.3
1530317;6.1;5.8;6.4
1530343;6.1;4.8;5.8
1530355;6.4;7.4;5.9
1530419;5.4;7.5;7
1530450;7.4;8.5;5.2
1530481;7.6;7;5.1
1530502;4.1;6.9;5.3
1530535;6.4;6;6.5
1530538;7.3;6.7;6
1530557;7.4;4.5;5.1
1530559;8.1;5.3;6.5
1530566;6.5;6;6.4
1530570;7.6;4.2;4
1530575;6.4;8.1;7.5
1530606;7.4;4.5;5.8
1530613;6.9;3.5;7.1
1530620;7.8;5.9;5.2
1530626;6.5;6.8;6.2
1530627;7.3;8.1;5.3
1530642;7.4;6.9;6.3
1530690;7.5;7.5;
1530697;7.6;6.1;
1530707;7;6.5;
1530708;8.2;4.2;
1530731;7.1;8.6;5.7
1530801;7.7;7.9;5.5
1530825;6.7;5.4;5.5
1530838;7.5;4.1;7.5
1530839;7.1;6.9;4.7
1530840;7.1;6;6.7
1530841;8;5.4;6.6
1530844;7.7;8.5;6.5
1530852;5.7;4.4;5.5
1530873;8.2;3.6;6
1530919;8;4.1;6.1
1530941;7.5;6;5.8
1531016;5.1;5;5.6
1531025;6.5;8.2;5.1
1531031;7.7;7.9;6.1
1531039;7.9;5.6;5.6
1531058;8;3.4;6.3
1531066;6.6;8.2;6.7
1531099;6.6;3.6;6.4
1531121;7.9;4.5;4.8
1531137;7.3;6;5.6
1531170;7.2;6.2;5.7
1531200;8.1;6.2;
1531211;6.3;6.7;
1531281;6.9;8;5.7
1531283;7.4;6.1;5.6
1531299;6.7;8.1;5.3
1531302;6.8;3.5;5.3
1531332;7.2;7.6;8.2
1531348;8.4;5.6;6.2
1531378;6.8;8.2;5.6
1531380;7.6;5.6;6.8
1531393;7.6;7.6;6.3
1531420;6.4;3.3;4.9
1531428;7.8;8.3;5.9
1531431;7.5;5.1;9
1531480;7.3;5.2;6.2
1531490;7.2;6.2;4.8
1531534;7.8;5.5;5.4
1531557;7.3;7.8;7.6
1531618;7.9;6.2;5.5
1531681;6.9;5.9;
1531697;7.3;6.3;
1531705;6.4;7.3;
1531708;7.9;6.7;
1531728;7.2;5.9;6.2
1531776;7.2;4.5;5
1531780;6.9;6.1;5.2
1531796;7.6;7.4;6.6
1531865;7;8.2;7.4
1531870;8.6;3.4;4.7
1531885;7.9;6.6;6.1
1531890;8;6.6;6.6
1531891;7.2;3.1;6.9
1531941;6.1;7;7.7
1531959;7.6;7.4;7.3
1531987;7.3;7.2;5.6
1531992;7.8;3.8;6.2
1531994;7.3;3.8;6.2
1531997;5.6;3.7;5.4
1532044;6.5;3.5;6.7
1532064;5.5;7.9;7.1
1532068;8.1;7.1;5.9
1532075;7.3;7.2;6
1532119;7.8;6.4;5.2
1532238;7.3;8.4;5.8
1532251;7.4;7.7;5.4
1532261;6.9;6.2;5.9
1532274;8;7.1;6
1532295;7.7;9;5.7
1532334;7.1;6.3;6.5
1532360;7.1;8.3;6.3
1532387;8.2;7.9;6.4
1532397;7.3;7.6;5.9
1532413;7.3;4.3;4.9
1532432;8.4;7.8;5
1532469;7.2;8.3;5.9
1532475;7.2;5.6;5.8
1532502;7.3;5.9;6.4
1532509;7.6;5;7.7
1532549;7.1;5.6;6
1532554;7.5;9.2;6.2
1532592;6.9;5.6;6.4
1532633;6.9;5.9;7.3
